-- --------------------------------------------------------
-- Host:                         127.0.0.1
-- Versión del servidor:         8.0.30 - MySQL Community Server - GPL
-- SO del servidor:              Win64
-- HeidiSQL Versión:             12.1.0.6537
-- --------------------------------------------------------

/*!40101 SET @OLD_CHARACTER_SET_CLIENT=@@CHARACTER_SET_CLIENT */;
/*!40101 SET NAMES utf8 */;
/*!50503 SET NAMES utf8mb4 */;
/*!40103 SET @OLD_TIME_ZONE=@@TIME_ZONE */;
/*!40103 SET TIME_ZONE='+00:00' */;
/*!40014 SET @OLD_FOREIGN_KEY_CHECKS=@@FOREIGN_KEY_CHECKS, FOREIGN_KEY_CHECKS=0 */;
/*!40101 SET @OLD_SQL_MODE=@@SQL_MODE, SQL_MODE='NO_AUTO_VALUE_ON_ZERO' */;
/*!40111 SET @OLD_SQL_NOTES=@@SQL_NOTES, SQL_NOTES=0 */;


-- Volcando estructura de base de datos para votaciones
CREATE DATABASE IF NOT EXISTS `votaciones` /*!40100 DEFAULT CHARACTER SET utf8mb3 COLLATE utf8mb3_spanish_ci */ /*!80016 DEFAULT ENCRYPTION='N' */;
USE `votaciones`;

-- Volcando estructura para tabla votaciones.canales
CREATE TABLE IF NOT EXISTS `canales` (
  `id` int NOT NULL AUTO_INCREMENT,
  `nombre` varchar(50) COLLATE utf8mb3_spanish_ci DEFAULT NULL,
  PRIMARY KEY (`id`)
) ENGINE=InnoDB AUTO_INCREMENT=5 DEFAULT CHARSET=utf8mb3 COLLATE=utf8mb3_spanish_ci;

-- Volcando datos para la tabla votaciones.canales: ~4 rows (aproximadamente)
INSERT INTO `canales` (`id`, `nombre`) VALUES
	(1, 'Web'),
	(2, 'TV'),
	(3, 'Redes sociales'),
	(4, 'Amigos');

-- Volcando estructura para tabla votaciones.candidatos
CREATE TABLE IF NOT EXISTS `candidatos` (
  `id` int NOT NULL AUTO_INCREMENT,
  `nombre_completo` varchar(150) COLLATE utf8mb3_spanish_ci DEFAULT NULL,
  `region_id` int NOT NULL,
  PRIMARY KEY (`id`),
  KEY `candidato_region_id` (`region_id`),
  CONSTRAINT `candidato_region_id` FOREIGN KEY (`region_id`) REFERENCES `regiones` (`id`)
) ENGINE=InnoDB AUTO_INCREMENT=33 DEFAULT CHARSET=utf8mb3 COLLATE=utf8mb3_spanish_ci;

-- Volcando datos para la tabla votaciones.candidatos: ~32 rows (aproximadamente)
INSERT INTO `candidatos` (`id`, `nombre_completo`, `region_id`) VALUES
	(1, 'Juan Díaz', 1),
	(2, 'María Pérez', 1),
	(3, 'Luis Soto', 2),
	(4, 'Fernanda Rodríguez', 2),
	(5, 'Felipe Muñoz', 3),
	(6, 'Antonia Gómez', 3),
	(7, 'José Torres', 4),
	(8, 'Valentina López', 4),
	(9, 'Andrés Silva', 5),
	(10, 'Camila Herrera', 5),
	(11, 'Antonio Reyes', 6),
	(12, 'Javiera Fernández', 6),
	(13, 'Gabriel Rojas', 7),
	(14, 'Isidora González', 7),
	(15, 'Matías Mardones', 8),
	(16, 'Francisca Martínez', 8),
	(17, 'Pablo Morales', 9),
	(18, 'Catalina Silva', 9),
	(19, 'Diego Valenzuela', 10),
	(20, 'Constanza Ríos', 10),
	(21, 'Juan Pérez', 11),
	(22, 'María González', 11),
	(23, 'Luis González', 12),
	(24, 'Fernanda Martínez', 12),
	(25, 'Felipe Gómez', 13),
	(26, 'Antonia Gómez', 13),
	(27, 'José Martínez', 14),
	(28, 'Valentina Ríos', 14),
	(29, 'Andrés Hernández', 15),
	(30, 'Camila Torres', 15),
	(31, 'Antonio Torres', 16),
	(32, 'Javiera Soto', 16);

-- Volcando estructura para tabla votaciones.comunas
CREATE TABLE IF NOT EXISTS `comunas` (
  `id` int NOT NULL AUTO_INCREMENT,
  `nombre` varchar(50) COLLATE utf8mb3_spanish_ci DEFAULT NULL,
  PRIMARY KEY (`id`)
) ENGINE=InnoDB AUTO_INCREMENT=333 DEFAULT CHARSET=utf8mb3 COLLATE=utf8mb3_spanish_ci;

-- Volcando datos para la tabla votaciones.comunas: ~332 rows (aproximadamente)
INSERT INTO `comunas` (`id`, `nombre`) VALUES
	(1, 'Arica'),
	(2, 'Camarones'),
	(3, 'Putre'),
	(4, 'General Lagos'),
	(5, 'Iquique'),
	(6, 'Alto Hospicio'),
	(7, 'Pozo Almonte'),
	(8, 'Pica'),
	(9, 'Huara'),
	(10, 'Camiña'),
	(11, 'Colchane'),
	(12, 'Antofagasta'),
	(13, 'Mejillones'),
	(14, 'Sierra Gorda'),
	(15, 'Taltal'),
	(16, 'Calama'),
	(17, 'Ollagüe'),
	(18, 'San Pedro de Atacama'),
	(19, 'Tocopilla'),
	(20, 'María Elena'),
	(21, 'Copiapó'),
	(22, 'Tierra Amarilla'),
	(23, 'Chañaral'),
	(24, 'Diego de Almagro'),
	(25, 'Vallenar'),
	(26, 'Huasco'),
	(27, 'Freirina'),
	(28, 'Alto del Carmen'),
	(29, 'La Serena'),
	(30, 'Coquimbo'),
	(31, 'La Higuera'),
	(32, 'Paihuano'),
	(33, 'Vicuña'),
	(34, 'Ovalle'),
	(35, 'Combarbalá'),
	(36, 'Monte Patria'),
	(37, 'Punitaqui'),
	(38, 'Río Hurtado'),
	(39, 'Illapel'),
	(40, 'Canela'),
	(41, 'Los Vilos'),
	(42, 'Salamanca'),
	(43, 'Valparaíso'),
	(44, 'Viña del Mar'),
	(45, 'Concón'),
	(46, 'Quintero'),
	(47, 'Puchuncaví'),
	(48, 'Quillota'),
	(49, 'La Calera'),
	(50, 'Hijuelas'),
	(51, 'La Cruz'),
	(52, 'Nogales'),
	(53, 'Petorca'),
	(54, 'La Ligua'),
	(55, 'Cabildo'),
	(56, 'Zapallar'),
	(57, 'Papudo'),
	(58, 'San Felipe'),
	(59, 'Catemu'),
	(60, 'Llaillay'),
	(61, 'Panquehue'),
	(62, 'Putaendo'),
	(63, 'Santa María'),
	(64, 'Los Andes'),
	(65, 'Calle Larga'),
	(66, 'Rinconada'),
	(67, 'San Esteban'),
	(68, 'San Antonio'),
	(69, 'Cartagena'),
	(70, 'El Quisco'),
	(71, 'El Tabo'),
	(72, 'Algarrobo'),
	(73, 'Santo Domingo'),
	(74, 'Isla de Pascua'),
	(75, 'Quilpué'),
	(76, 'Villa Alemana'),
	(77, 'Limache'),
	(78, 'Olmué'),
	(79, 'Santiago'),
	(80, 'Vitacura'),
	(81, 'Las Condes'),
	(82, 'Lo Barnechea'),
	(83, 'Providencia'),
	(84, 'Ñuñoa'),
	(85, 'La Reina'),
	(86, 'Peñalolén'),
	(87, 'Macul'),
	(88, 'La Florida'),
	(89, 'Puente Alto'),
	(90, 'San Joaquín'),
	(91, 'La Granja'),
	(92, 'San Miguel'),
	(93, 'Pedro Aguirre Cerda'),
	(94, 'San Ramón'),
	(95, 'La Cisterna'),
	(96, 'El Bosque'),
	(97, 'Lo Espejo'),
	(98, 'Lo Prado'),
	(99, 'Cerrillos'),
	(100, 'Maipú'),
	(101, 'Estación Central'),
	(102, 'Pudahuel'),
	(103, 'Cerro Navia'),
	(104, 'Quinta Normal'),
	(105, 'Recoleta'),
	(106, 'Independencia'),
	(107, 'Conchalí'),
	(108, 'Huechuraba'),
	(109, 'Renca'),
	(110, 'Colina'),
	(111, 'Lampa'),
	(112, 'Tiltil'),
	(113, 'Pirque'),
	(114, 'San José de Maipo'),
	(115, 'San Bernardo'),
	(116, 'Buin'),
	(117, 'Paine'),
	(118, 'Calera de Tango'),
	(119, 'Melipilla'),
	(120, 'Alhué'),
	(121, 'Curacaví'),
	(122, 'María Pinto'),
	(123, 'San Pedro'),
	(124, 'Talagante'),
	(125, 'El Monte'),
	(126, 'Isla de Maipo'),
	(127, 'Padre Hurtado'),
	(128, 'Peñaflor'),
	(129, 'Rancagua'),
	(130, 'Codegua'),
	(131, 'Coinco'),
	(132, 'Coltauco'),
	(133, 'Doñihue'),
	(134, 'Graneros'),
	(135, 'Las Cabras'),
	(136, 'Machalí'),
	(137, 'Malloa'),
	(138, 'Mostazal'),
	(139, 'Olivar'),
	(140, 'Peumo'),
	(141, 'Pichidegua'),
	(142, 'Quinta de Tilcoco'),
	(143, 'Rengo'),
	(144, 'Requínoa'),
	(145, 'San Vicente de Tagua Tagua'),
	(146, 'San Fernando'),
	(147, 'Chimbarongo'),
	(148, 'Lolol'),
	(149, 'Nancagua'),
	(150, 'Palmilla'),
	(151, 'Peralillo'),
	(152, 'Placilla'),
	(153, 'Pumanque'),
	(154, 'Santa Cruz'),
	(155, 'Chépica'),
	(156, 'Pichilemu'),
	(157, 'La Estrella'),
	(158, 'Litueche'),
	(159, 'Marchigüe'),
	(160, 'Navidad'),
	(161, 'Paredones'),
	(162, 'Talca'),
	(163, 'San Clemente'),
	(164, 'Pelarco'),
	(165, 'Pencahue'),
	(166, 'Maule'),
	(167, 'San Rafael'),
	(168, 'Curepto'),
	(169, 'Constitución'),
	(170, 'Empedrado'),
	(171, 'Río Claro'),
	(172, 'Curicó'),
	(173, 'Teno'),
	(174, 'Romeral'),
	(175, 'Molina'),
	(176, 'Sagrada Familia'),
	(177, 'Hualañé'),
	(178, 'Licantén'),
	(179, 'Vichuquén'),
	(180, 'Linares'),
	(181, 'San Javier'),
	(182, 'Villa Alegre'),
	(183, 'Yerbas Buenas'),
	(184, 'Colbún'),
	(185, 'Longaví'),
	(186, 'Retiro'),
	(187, 'Parral'),
	(188, 'Cauquenes'),
	(189, 'Chanco'),
	(190, 'Pelluhue'),
	(191, 'Chillán'),
	(192, 'Chillán Viejo'),
	(193, 'El Carmen'),
	(194, 'Pemuco'),
	(195, 'Pinto'),
	(196, 'Quillón'),
	(197, 'San Ignacio'),
	(198, 'Yungay'),
	(199, 'San Carlos'),
	(200, 'Coihueco'),
	(201, 'Ñiquén'),
	(202, 'San Fabián'),
	(203, 'San Nicolás'),
	(204, 'Quirihue'),
	(205, 'Cobquecura'),
	(206, 'Coelemu'),
	(207, 'Ninhue'),
	(208, 'Portezuelo'),
	(209, 'Ránquil'),
	(210, 'Trehuaco'),
	(211, 'Concepción'),
	(212, 'Talcahuano'),
	(213, 'Hualpén'),
	(214, 'Chiguayante'),
	(215, 'San Pedro de la Paz'),
	(216, 'Coronel'),
	(217, 'Lota'),
	(218, 'Penco'),
	(219, 'Tomé'),
	(220, 'Santa Juana'),
	(221, 'Hualqui'),
	(222, 'Florida'),
	(223, 'Arauco'),
	(224, 'Lebu'),
	(225, 'Curanilahue'),
	(226, 'Los Álamos'),
	(227, 'Cañete'),
	(228, 'Contulmo'),
	(229, 'Tirúa'),
	(230, 'Los Ángeles'),
	(231, 'Mulchén'),
	(232, 'Nacimiento'),
	(233, 'Santa Bárbara'),
	(234, 'Laja'),
	(235, 'San Rosendo'),
	(236, 'Quilleco'),
	(237, 'Antuco'),
	(238, 'Tucapel'),
	(239, 'Huépil'),
	(240, 'Yumbel'),
	(241, 'Cabrero'),
	(242, 'Temuco'),
	(243, 'Padre Las Casas'),
	(244, 'Cunco'),
	(245, 'Melipeuco'),
	(246, 'Vilcún'),
	(247, 'Freire'),
	(248, 'Pitrufquén'),
	(249, 'Gorbea'),
	(250, 'Loncoche'),
	(251, 'Villarrica'),
	(252, 'Pucón'),
	(253, 'Curarrehue'),
	(254, 'Toltén'),
	(255, 'Teodoro Schmidt'),
	(256, 'Nueva Imperial'),
	(257, 'Carahue'),
	(258, 'Saavedra'),
	(259, 'Cholchol'),
	(260, 'Angol'),
	(261, 'Renaico'),
	(262, 'Collipulli'),
	(263, 'Ercilla'),
	(264, 'Los Sauces'),
	(265, 'Lumaco'),
	(266, 'Purén'),
	(267, 'Traiguén'),
	(268, 'Victoria'),
	(269, 'Curacautín'),
	(270, 'Lonquimay'),
	(271, 'Valdivia'),
	(272, 'Corral'),
	(273, 'Lanco'),
	(274, 'Máfil'),
	(275, 'Mariquina'),
	(276, 'Paillaco'),
	(277, 'Panguipulli'),
	(278, 'Los Lagos'),
	(279, 'La Unión'),
	(280, 'Futrono'),
	(281, 'Lago Ranco'),
	(282, 'Río Bueno'),
	(283, 'Puerto Montt'),
	(284, 'Puerto Varas'),
	(285, 'Llanquihue'),
	(286, 'Frutillar'),
	(287, 'Fresia'),
	(288, 'Los Muermos'),
	(289, 'Maullín'),
	(290, 'Calbuco'),
	(291, 'Ancud'),
	(292, 'Castro'),
	(293, 'Chonchi'),
	(294, 'Curaco de Vélez'),
	(295, 'Dalcahue'),
	(296, 'Puqueldón'),
	(297, 'Queilén'),
	(298, 'Quellón'),
	(299, 'Quemchi'),
	(300, 'Quinchao'),
	(301, 'Osorno'),
	(302, 'San Juan de la Costa'),
	(303, 'San Pablo'),
	(304, 'Purranque'),
	(305, 'Puerto Octay'),
	(306, 'Puyehue'),
	(307, 'Río Negro'),
	(308, 'Chaitén'),
	(309, 'Futaleufú'),
	(310, 'Hualaihué'),
	(311, 'Palena'),
	(312, 'Coyhaique'),
	(313, 'Lago Verde'),
	(314, 'Aysén'),
	(315, 'Cisnes'),
	(316, 'Guaitecas'),
	(317, 'Cochrane'),
	(318, 'O\'Higgins'),
	(319, 'Tortel'),
	(320, 'Chile Chico'),
	(321, 'Río Ibáñez'),
	(322, 'Punta Arenas'),
	(323, 'Río Verde'),
	(324, 'Laguna Blanca'),
	(325, 'San Gregorio'),
	(326, 'Porvenir'),
	(327, 'Primavera'),
	(328, 'Timaukel'),
	(329, 'Puerto Natales'),
	(330, 'Torres del Paine'),
	(331, 'Cabo de Hornos'),
	(332, 'Antártica');

-- Volcando estructura para tabla votaciones.regiones
CREATE TABLE IF NOT EXISTS `regiones` (
  `id` int NOT NULL AUTO_INCREMENT,
  `nombre` varchar(50) COLLATE utf8mb3_spanish_ci DEFAULT NULL,
  `numero` int DEFAULT NULL,
  PRIMARY KEY (`id`)
) ENGINE=InnoDB AUTO_INCREMENT=17 DEFAULT CHARSET=utf8mb3 COLLATE=utf8mb3_spanish_ci;

-- Volcando datos para la tabla votaciones.regiones: ~16 rows (aproximadamente)
INSERT INTO `regiones` (`id`, `nombre`, `numero`) VALUES
	(1, 'Arica y Parinacota', 15),
	(2, 'Tarapacá', 1),
	(3, 'Antofagasta', 2),
	(4, 'Atacama', 3),
	(5, 'Coquimbo', 4),
	(6, 'Valparaíso', 5),
	(7, 'Metropolitana de Santiago', 13),
	(8, 'O\'Higgins', 6),
	(9, 'Maule', 7),
	(10, 'Ñuble', 16),
	(11, 'Biobío', 8),
	(12, 'La Araucanía', 9),
	(13, 'Los Ríos', 14),
	(14, 'Los Lagos', 10),
	(15, 'Aysén del General Carlos Ibáñez del Campo', 11),
	(16, 'Magallanes y de la Antártica Chilena', 12);

-- Volcando estructura para tabla votaciones.regiones_comunas
CREATE TABLE IF NOT EXISTS `regiones_comunas` (
  `id` int NOT NULL AUTO_INCREMENT,
  `region_id` int DEFAULT NULL,
  `comuna_id` int DEFAULT NULL,
  PRIMARY KEY (`id`),
  KEY `region_comuna_region_id` (`region_id`),
  KEY `region_comuna_comuna_id` (`comuna_id`),
  CONSTRAINT `region_comuna_comuna_id` FOREIGN KEY (`comuna_id`) REFERENCES `comunas` (`id`),
  CONSTRAINT `region_comuna_region_id` FOREIGN KEY (`region_id`) REFERENCES `regiones` (`id`)
) ENGINE=InnoDB AUTO_INCREMENT=333 DEFAULT CHARSET=utf8mb3 COLLATE=utf8mb3_spanish_ci;

-- Volcando datos para la tabla votaciones.regiones_comunas: ~332 rows (aproximadamente)
INSERT INTO `regiones_comunas` (`id`, `region_id`, `comuna_id`) VALUES
	(1, 1, 1),
	(2, 1, 2),
	(3, 1, 3),
	(4, 1, 4),
	(5, 2, 5),
	(6, 2, 6),
	(7, 2, 7),
	(8, 2, 8),
	(9, 2, 9),
	(10, 2, 10),
	(11, 2, 11),
	(12, 3, 12),
	(13, 3, 13),
	(14, 3, 14),
	(15, 3, 15),
	(16, 3, 16),
	(17, 3, 17),
	(18, 3, 18),
	(19, 3, 19),
	(20, 3, 20),
	(21, 4, 21),
	(22, 4, 22),
	(23, 4, 23),
	(24, 4, 24),
	(25, 4, 25),
	(26, 4, 26),
	(27, 4, 27),
	(28, 4, 28),
	(29, 5, 29),
	(30, 5, 30),
	(31, 5, 31),
	(32, 5, 32),
	(33, 5, 33),
	(34, 5, 34),
	(35, 5, 35),
	(36, 5, 36),
	(37, 5, 37),
	(38, 5, 38),
	(39, 5, 39),
	(40, 5, 40),
	(41, 5, 41),
	(42, 5, 42),
	(43, 6, 43),
	(44, 6, 44),
	(45, 6, 45),
	(46, 6, 46),
	(47, 6, 47),
	(48, 6, 48),
	(49, 6, 49),
	(50, 6, 50),
	(51, 6, 51),
	(52, 6, 52),
	(53, 6, 53),
	(54, 6, 54),
	(55, 6, 55),
	(56, 6, 56),
	(57, 6, 57),
	(58, 6, 58),
	(59, 6, 59),
	(60, 6, 60),
	(61, 6, 61),
	(62, 6, 62),
	(63, 6, 63),
	(64, 6, 64),
	(65, 6, 65),
	(66, 6, 66),
	(67, 6, 67),
	(68, 6, 68),
	(69, 6, 69),
	(70, 6, 70),
	(71, 6, 71),
	(72, 6, 72),
	(73, 6, 73),
	(74, 6, 74),
	(75, 6, 75),
	(76, 6, 76),
	(77, 6, 77),
	(78, 6, 78),
	(79, 7, 79),
	(80, 7, 80),
	(81, 7, 81),
	(82, 7, 82),
	(83, 7, 83),
	(84, 7, 84),
	(85, 7, 85),
	(86, 7, 86),
	(87, 7, 87),
	(88, 7, 88),
	(89, 7, 89),
	(90, 7, 90),
	(91, 7, 91),
	(92, 7, 92),
	(93, 7, 93),
	(94, 7, 94),
	(95, 7, 95),
	(96, 7, 96),
	(97, 7, 97),
	(98, 7, 98),
	(99, 7, 99),
	(100, 7, 100),
	(101, 7, 101),
	(102, 7, 102),
	(103, 7, 103),
	(104, 7, 104),
	(105, 7, 105),
	(106, 7, 106),
	(107, 7, 107),
	(108, 7, 108),
	(109, 7, 109),
	(110, 7, 110),
	(111, 7, 111),
	(112, 7, 112),
	(113, 7, 113),
	(114, 7, 114),
	(115, 7, 115),
	(116, 7, 116),
	(117, 7, 117),
	(118, 7, 118),
	(119, 7, 119),
	(120, 7, 120),
	(121, 7, 121),
	(122, 7, 122),
	(123, 7, 123),
	(124, 7, 124),
	(125, 7, 125),
	(126, 7, 126),
	(127, 7, 127),
	(128, 7, 128),
	(129, 8, 129),
	(130, 8, 130),
	(131, 8, 131),
	(132, 8, 132),
	(133, 8, 133),
	(134, 8, 134),
	(135, 8, 135),
	(136, 8, 136),
	(137, 8, 137),
	(138, 8, 138),
	(139, 8, 139),
	(140, 8, 140),
	(141, 8, 141),
	(142, 8, 142),
	(143, 8, 143),
	(144, 8, 144),
	(145, 8, 145),
	(146, 8, 146),
	(147, 8, 147),
	(148, 8, 148),
	(149, 8, 149),
	(150, 8, 150),
	(151, 8, 151),
	(152, 8, 152),
	(153, 8, 153),
	(154, 8, 154),
	(155, 8, 155),
	(156, 8, 156),
	(157, 8, 157),
	(158, 8, 158),
	(159, 8, 159),
	(160, 8, 160),
	(161, 8, 161),
	(162, 9, 162),
	(163, 9, 163),
	(164, 9, 164),
	(165, 9, 165),
	(166, 9, 166),
	(167, 9, 167),
	(168, 9, 168),
	(169, 9, 169),
	(170, 9, 170),
	(171, 9, 171),
	(172, 9, 172),
	(173, 9, 173),
	(174, 9, 174),
	(175, 9, 175),
	(176, 9, 176),
	(177, 9, 177),
	(178, 9, 178),
	(179, 9, 179),
	(180, 9, 180),
	(181, 9, 181),
	(182, 9, 182),
	(183, 9, 183),
	(184, 9, 184),
	(185, 9, 185),
	(186, 9, 186),
	(187, 9, 187),
	(188, 9, 188),
	(189, 9, 189),
	(190, 9, 190),
	(191, 10, 191),
	(192, 10, 192),
	(193, 10, 193),
	(194, 10, 194),
	(195, 10, 195),
	(196, 10, 196),
	(197, 10, 197),
	(198, 10, 198),
	(199, 10, 199),
	(200, 10, 200),
	(201, 10, 201),
	(202, 10, 202),
	(203, 10, 203),
	(204, 10, 204),
	(205, 10, 205),
	(206, 10, 206),
	(207, 10, 207),
	(208, 10, 208),
	(209, 10, 209),
	(210, 10, 210),
	(211, 11, 211),
	(212, 11, 212),
	(213, 11, 213),
	(214, 11, 214),
	(215, 11, 215),
	(216, 11, 216),
	(217, 11, 217),
	(218, 11, 218),
	(219, 11, 219),
	(220, 11, 220),
	(221, 11, 221),
	(222, 11, 222),
	(223, 11, 223),
	(224, 11, 224),
	(225, 11, 225),
	(226, 11, 226),
	(227, 11, 227),
	(228, 11, 228),
	(229, 11, 229),
	(230, 11, 230),
	(231, 11, 231),
	(232, 11, 232),
	(233, 11, 233),
	(234, 11, 234),
	(235, 11, 235),
	(236, 11, 236),
	(237, 11, 237),
	(238, 11, 238),
	(239, 11, 239),
	(240, 11, 240),
	(241, 11, 241),
	(242, 12, 242),
	(243, 12, 243),
	(244, 12, 244),
	(245, 12, 245),
	(246, 12, 246),
	(247, 12, 247),
	(248, 12, 248),
	(249, 12, 249),
	(250, 12, 250),
	(251, 12, 251),
	(252, 12, 252),
	(253, 12, 253),
	(254, 12, 254),
	(255, 12, 255),
	(256, 12, 256),
	(257, 12, 257),
	(258, 12, 258),
	(259, 12, 259),
	(260, 12, 260),
	(261, 12, 261),
	(262, 12, 262),
	(263, 12, 263),
	(264, 12, 264),
	(265, 12, 265),
	(266, 12, 266),
	(267, 12, 267),
	(268, 12, 268),
	(269, 13, 269),
	(270, 13, 270),
	(271, 13, 271),
	(272, 13, 272),
	(273, 13, 273),
	(274, 13, 274),
	(275, 13, 275),
	(276, 13, 276),
	(277, 13, 277),
	(278, 13, 278),
	(279, 13, 279),
	(280, 13, 280),
	(281, 13, 281),
	(282, 13, 282),
	(283, 14, 283),
	(284, 14, 284),
	(285, 14, 285),
	(286, 14, 286),
	(287, 14, 287),
	(288, 14, 288),
	(289, 14, 289),
	(290, 14, 290),
	(291, 14, 291),
	(292, 14, 292),
	(293, 14, 293),
	(294, 14, 294),
	(295, 14, 295),
	(296, 14, 296),
	(297, 14, 297),
	(298, 14, 298),
	(299, 14, 299),
	(300, 14, 300),
	(301, 14, 301),
	(302, 14, 302),
	(303, 14, 303),
	(304, 14, 304),
	(305, 14, 305),
	(306, 14, 306),
	(307, 14, 307),
	(308, 14, 308),
	(309, 14, 309),
	(310, 14, 310),
	(311, 14, 311),
	(312, 15, 312),
	(313, 15, 313),
	(314, 15, 314),
	(315, 15, 315),
	(316, 15, 316),
	(317, 15, 317),
	(318, 15, 318),
	(319, 15, 319),
	(320, 15, 320),
	(321, 15, 321),
	(322, 16, 322),
	(323, 16, 323),
	(324, 16, 324),
	(325, 16, 325),
	(326, 16, 326),
	(327, 16, 327),
	(328, 16, 328),
	(329, 16, 329),
	(330, 16, 330),
	(331, 16, 331),
	(332, 16, 332);

-- Volcando estructura para tabla votaciones.votantes
CREATE TABLE IF NOT EXISTS `votantes` (
  `id` int NOT NULL AUTO_INCREMENT,
  `nombre_completo` varchar(150) CHARACTER SET utf8mb3 COLLATE utf8mb3_spanish_ci NOT NULL,
  `alias` varchar(150) CHARACTER SET utf8mb3 COLLATE utf8mb3_spanish_ci NOT NULL,
  `rut` varchar(50) CHARACTER SET utf8mb3 COLLATE utf8mb3_spanish_ci NOT NULL,
  `dv` varchar(1) COLLATE utf8mb3_spanish_ci NOT NULL,
  `email` varchar(100) CHARACTER SET utf8mb3 COLLATE utf8mb3_spanish_ci NOT NULL,
  `region_comuna_id` int NOT NULL,
  PRIMARY KEY (`id`),
  UNIQUE KEY `email` (`email`),
  UNIQUE KEY `rut` (`rut`),
  KEY `votante_region_comuna` (`region_comuna_id`),
  CONSTRAINT `votante_region_comuna` FOREIGN KEY (`region_comuna_id`) REFERENCES `regiones_comunas` (`id`)
) ENGINE=InnoDB DEFAULT CHARSET=utf8mb3 COLLATE=utf8mb3_spanish_ci;

-- Volcando datos para la tabla votaciones.votantes: ~1 rows (aproximadamente)

-- Volcando estructura para tabla votaciones.votante_canales
CREATE TABLE IF NOT EXISTS `votante_canales` (
  `id` int NOT NULL AUTO_INCREMENT,
  `votante_id` int NOT NULL,
  `canal_id` int NOT NULL,
  PRIMARY KEY (`id`),
  KEY `votante_canal_votante_id` (`votante_id`),
  KEY `votante_canal_canal_id` (`canal_id`),
  CONSTRAINT `votante_canal_canal_id` FOREIGN KEY (`canal_id`) REFERENCES `canales` (`id`),
  CONSTRAINT `votante_canal_votante_id` FOREIGN KEY (`votante_id`) REFERENCES `votantes` (`id`)
) ENGINE=InnoDB DEFAULT CHARSET=utf8mb3 COLLATE=utf8mb3_spanish_ci;

-- Volcando datos para la tabla votaciones.votante_canales: ~0 rows (aproximadamente)

-- Volcando estructura para tabla votaciones.votos_candidatos
CREATE TABLE IF NOT EXISTS `votos_candidatos` (
  `id` int NOT NULL AUTO_INCREMENT,
  `candidato_id` int NOT NULL,
  `votante_id` int NOT NULL,
  PRIMARY KEY (`id`),
  KEY `voto_candidato_candidato_id` (`candidato_id`),
  KEY `voto_candidato_votante_id` (`votante_id`),
  CONSTRAINT `voto_candidato_candidato_id` FOREIGN KEY (`candidato_id`) REFERENCES `candidatos` (`id`),
  CONSTRAINT `voto_candidato_votante_id` FOREIGN KEY (`votante_id`) REFERENCES `votantes` (`id`)
) ENGINE=InnoDB DEFAULT CHARSET=utf8mb3 COLLATE=utf8mb3_spanish_ci;

-- Volcando datos para la tabla votaciones.votos_candidatos: ~0 rows (aproximadamente)

/*!40103 SET TIME_ZONE=IFNULL(@OLD_TIME_ZONE, 'system') */;
/*!40101 SET SQL_MODE=IFNULL(@OLD_SQL_MODE, '') */;
/*!40014 SET FOREIGN_KEY_CHECKS=IFNULL(@OLD_FOREIGN_KEY_CHECKS, 1) */;
/*!40101 SET CHARACTER_SET_CLIENT=@OLD_CHARACTER_SET_CLIENT */;
/*!40111 SET SQL_NOTES=IFNULL(@OLD_SQL_NOTES, 1) */;
